Index,Bases_in_Adapter_i7,Bases_for_Sample_Sheet_i7,Bases_for_Sample_Sheet_i5,Bases_for_Sample_Sheet_i5_B,Set,Well
UDP0001,CGCTCAGTTC,GAACTGAGCG,TCGTGGAGCG,CGCTCCACGA,1,A1
UDP0002,TATCTGACCT,AGGTCAGATA,CTACAAGATA,TATCTTGTAG,1,B1
UDP0003,ATATGAGACG,CGTCTCATAT,TATAGTAGCT,AGCTACTATA,1,C1
UDP0004,CTTATGGAAT,ATTCCATAAG,TGCCTGGTGG,CCACCAGGCA,1,D1
UDP0005,TAATCTCGTC,GACGAGATTA,ACATTATCCT,AGGATAATGT,1,E1
UDP0006,GCGCGATGTT,AACATCGCGC,GTCCACTTGT,ACAAGTGGAC,1,F1
UDP0007,AGAGCACTAG,CTAGTGCTCT,TGGAACAGTA,TACTGTTCCA,1,G1
UDP0008,TGCCTTGATC,GATCAAGGCA,CCTTGTTAAT,ATTAACAAGG,1,H1
UDP0009,CTACTCAGTC,GACTGAGTAG,GTTGATAGTG,CACTATCAAC,1,A2
UDP0010,TCGTCTGACT,AGTCAGACGA,ACCAGCGACA,TGTCGCTGGT,1,B2
UDP0011,GAACATACGG,CCGTATGTTC,CATACACTGT,ACAGTGTATG,1,C2
UDP0012,CCTATGACTC,GAGTCATAGG,GTGTGGCGCT,AGCGCCACAC,1,D2
UDP0013,TAATGGCAAG,CTTGCCATTA,ATCACGAAGG,CCTTCGTGAT,1,E2
UDP0014,GTGCCGCTTC,GAAGCGGCAC,CGGCTCTACT,AGTAGAGCCG,1,F2
UDP0015,CGGCAATGGA,TCCATTGCCG,GAATGCACGA,TCGTGCATTC,1,G2
UDP0016,GCCGTAACCG,CGGTTACGGC,AAGACTATAG,CTATAGTCTT,1,H2
UDP0017,AACCATTCTC,GAGAATGGTT,TCGGCAGCAA,TTGCTGCCGA,1,A3
UDP0018,GGTTGCCTCT,AGAGGCAACC,CTAATGATGG,CCATCATTAG,1,B3
UDP0019,CTAATGATGG,CCATCATTAG,GGTTGCCTCT,AGAGGCAACC,1,C3
UDP0020,TCGGCCTATC,GATAGGCCGA,CGCACATGGC,GCCATGTGCG,1,D3
UDP0021,AGTCAACCAT,ATGGTTGACT,GGCCTGTCCT,AGGACAGGCC,1,E3
UDP0022,GAGCGCAATA,TATTGCGCTC,CTGTGTTAGG,CCTAACACAG,1,F3
UDP0023,AACAAGGCGT,ACGCCTTGTT,TAAGGAACGT,ACGTTCCTTA,1,G3
UDP0024,GTATGTAGAA,TTCTACATAC,CTAACTGTAA,TTACAGTTAG,1,H3
UDP0025,TTCTATGGTT,AACCATAGAA,GGCGAGATGG,CCATCTCGCC,1,A4
UDP0026,CCTCGCAACC,GGTTGCGAGG,AATAGAGCAA,TTGCTCTATT,1,B4
UDP0027,TGGATGCTTA,TAAGCATCCA,TCAATCCATT,AATGGATTGA,1,C4
UDP0028,ATGTCGTGGT,ACCACGACAT,TCGTATGCGG,CCGCATACGA,1,D4
UDP0029,AGAGTGCGGC,GCCGCACTCT,TCCGACCTCG,CGAGGTCGGA,1,E4
UDP0030,TGCCTGGTGG,CCACCAGGCA,CTTATGGAAT,ATTCCATAAG,1,F4
UDP0031,TGCGTGTCAC,GTGACACGCA,GCTTACGGAC,GTCCGTAAGC,1,G4
UDP0032,CATACACTGT,ACAGTGTATG,GAACATACGG,CCGTATGTTC,1,H4
UDP0033,CGTATAATCA,TGATTATACG,GTCGATTACA,TGTAATCGAC,1,A5
UDP0034,TACGCGGCTG,CAGCCGCGTA,ACTAGCCGTG,CACGGCTAGT,1,B5
UDP0035,GCGAGTTACC,GGTAACTCGC,AAGTTGGTGA,TCACCAACTT,1,C5
UDP0036,TACGGCCGGT,ACCGGCCGTA,TGGCAATATT,AATATTGCCA,1,D5
UDP0037,GTCGATTACA,TGTAATCGAC,GATCACCGCG,CGCGGTGATC,1,E5
UDP0038,CTGTCTGCAC,GTGCAGACAG,TACCATCCGT,ACGGATGGTA,1,F5
UDP0039,CAGCCGATTG,CAATCGGCTG,GCTGTAGGAA,TTCCTACAGC,1,G5
UDP0040,TGACTACATA,TATGTAGTCA,CGCACTAATG,CATTAGTGCG,1,H5
UDP0041,ATTGCCGAGT,ACTCGGCAAT,GACAACTGAA,TTCAGTTGTC,1,A6
UDP0042,GCCATTAGAC,GTCTAATGGC,AGTGGTCAGG,CCTGACCACT,1,B6
UDP0043,GGCGAGATGG,CCATCTCGCC,TTCTATGGTT,AACCATAGAA,1,C6
UDP0044,TGGCTCGCAG,CTGCGAGCCA,AATCCGGCCA,TGGCCGGATT,1,D6
UDP0045,TAGAATAACG,CGTTATTCTA,CCATAAGGTT,AACCTTATGG,1,E6
UDP0046,TAATGGATCT,AGATCCATTA,ATCTCTACCA,TGGTAGAGAT,1,F6
UDP0047,TATCCAGGAC,GTCCTGGATA,CGGTGGCGAA,TTCGCCACCG,1,G6
UDP0048,AGTGCCACTG,CAGTGGCACT,TAACAATAGG,CCTATTGTTA,1,H6
UDP0049,GTGCAACACT,AGTGTTGCAC,CTGGTACACG,CGTGTACCAG,1,A7
UDP0050,ACATGGTGTC,GACACCATGT,TCAACGTGTA,TACACGTTGA,1,B7
UDP0051,GACAGACAGG,CCTGTCTGTC,ACTGTTGTGA,TCACAACAGT,1,C7
UDP0052,TCTTACATCA,TGATGTAAGA,GTGCGTCCTT,AAGGACGCAC,1,D7
UDP0053,TTACAATTCC,GGAATTGTAA,AGCACATCCT,AGGATGTGCT,1,E7
UDP0054,AAGCTTATGC,GCATAAGCTT,TTCCGTCGCA,TGCGACGGAA,1,F7
UDP0055,TATTCCTCAG,CTGAGGAATA,CTTAACCACT,AGTGGTTAAG,1,G7
UDP0056,CTCGTGCGTT,AACGCACGAG,GCCTCGGATA,TATCCGAGGC,1,H7
UDP0057,TTAGGATAGA,TCTATCCTAA,CGTCGACTGG,CCAGTCGACG,1,A8
UDP0058,CCGAAGCGAG,CTCGCTTCGG,TACTAGTCAA,TTGACTAGTA,1,B8
UDP0059,GGACCAACAG,CTGTTGGTCC,ATAGACCGTT,AACGGTCTAT,1,C8
UDP0060,TTCCAGGTAA,TTACCTGGAA,ACAGTTCCAG,CTGGAACTGT,1,D8
UDP0061,TGATTAGCCA,TGGCTAATCA,AGGCATGTAG,CTACATGCCT,1,E8
UDP0062,TAACAGTGTT,AACACTGTTA,GCAAGTCTCA,TGAGACTTGC,1,F8
UDP0063,ACCGCGCAAT,ATTGCGCGGT,TTGGCTCCGC,GCGGAGCCAA,1,G8
UDP0064,GTTCGCGCCA,TGGCGCGAAC,AACTGATACT,AGTATCAGTT,1,H8
UDP0065,AGACACATTA,TAATGTGTCT,GTAAGGCATA,TATGCCTTAC,1,A9
UDP0066,GCGTTGGTAT,ATACCAACGC,AATTGCTGCG,CGCAGCAATT,1,B9
UDP0067,AGCACATCCT,AGGATGTGCT,TTACAATTCC,GGAATTGTAA,1,C9
UDP0068,TTGTTCCGTG,CACGGAACAA,AACCTAGCAC,GTGCTAGGTT,1,D9
UDP0069,AAGTACTCCA,TGGAGTACTT,TCTGTGTGGA,TCCACACAGA,1,E9
UDP0070,ACGTCAATAC,GTATTGACGT,GGAATTCCAA,TTGGAATTCC,1,F9
UDP0071,GGTGTACAAG,CTTGTACACC,AAGCGCGCTT,AAGCGCGCTT,1,G9
UDP0072,CCACCTGTGT,ACACAGGTGG,TGAGCGTTGT,ACAACGCTCA,1,H9
UDP0073,GTTCCGCAGG,CCTGCGGAAC,ATCATAGGCT,AGCCTATGAT,1,A10
UDP0074,ACCTTATGAA,TTCATAAGGT,TGTTAGAAGG,CCTTCTAACA,1,B10
UDP0075,CGCTGCAGAG,CTCTGCAGCG,GATGGATGTA,TACATCCATC,1,C10
UDP0076,GTAGAGTCAG,CTGACTCTAC,ACGGCCGTCA,TGACGGCCGT,1,D10
UDP0077,GGATACCAGA,TCTGGTATCC,CGTTGCTTAC,GTAAGCAACG,1,E10
UDP0078,CGCACTAATG,CATTAGTGCG,TGACTACATA,TATGTAGTCA,1,F10
UDP0079,TCCTGACCGT,ACGGTCAGGA,CGGCCTCGTT,AACGAGGCCG,1,G10
UDP0080,CTGGCTTGCC,GGCAAGCCAG,CAAGCATCCG,CGGATGCTTG,1,H10
UDP0081,ACCAGCGACA,TGTCGCTGGT,TCGTCTGACT,AGTCAGACGA,1,A11
UDP0082,TTGTAACGGT,ACCGTTACAA,CTCATAGCGA,TCGCTATGAG,1,B11
UDP0083,GTAAGGCATA,TATGCCTTAC,AGACACATTA,TAATGTGTCT,1,C11
UDP0084,GTCCACTTGT,ACAAGTGGAC,GCGCGATGTT,AACATCGCGC,1,D11
UDP0085,TTAGGTACCA,TGGTACCTAA,CATGAGTACT,AGTACTCATG,1,E11
UDP0086,GGAATTCCAA,TTGGAATTCC,ACGTCAATAC,GTATTGACGT,1,F11
UDP0087,CATGTAGAGG,CCTCTACATG,GATACCTCCT,AGGAGGTATC,1,G11
UDP0088,TACACGCTCC,GGAGCGTGTA,ATCCGTAAGT,ACTTACGGAT,1,H11
UDP0089,GCTTACGGAC,GTCCGTAAGC,CGTGTATCTT,AAGATACACG,1,A12
UDP0090,CGCTTGAAGT,ACTTCAAGCG,GAACCATGAA,TTCATGGTTC,1,B12
UDP0091,CGCCTTCTGA,TCAGAAGGCG,GGCCATCATA,TATGATGGCC,1,C12
UDP0092,ATACCAACGC,GCGTTGGTAT,ACATACTTCC,GGAAGTATGT,1,D12
UDP0093,CTGGATATGT,ACATATCCAG,TATGTGCAAT,ATTGCACATA,1,E12
UDP0094,CAATCTATGA,TCATAGATTG,GATTAAGGTG,CACCTTAATC,1,F12
UDP0095,GGTGGAATAC,GTATTCCACC,ATGTAGACAA,TTGTCTACAT,1,G12
UDP0096,TGGACGGAGG,CCTCCGTCCA,CACATCGGTG,CACCGATGTG,1,H12
UDP0097,CTGACCGGCA,TGCCGGTCAG,CCTGATACAA,TTGTATCAGG,2,A1
UDP0098,GAATTGAGTG,CACTCAATTC,TTAAGTTGTG,CACAACTTAA,2,B1
UDP0099,GCGTGTGAGA,TCTCACACGC,CGGACAGTGA,TCACTGTCCG,2,C1
UDP0100,TCTCCATTGA,TCAATGGAGA,GCACTACAAC,GTTGTAGTGC,2,D1
UDP0101,ACATGCATAT,ATATGCATGT,TGGTGCCTGG,CCAGGCACCA,2,E1
UDP0102,CAGGCGCCAT,ATGGCGCCTG,TCCACGGCCT,AGGCCGTGGA,2,F1
UDP0103,ACATAACGGA,TCCGTTATGT,TTGTAGTGTA,TACACTACAA,2,G1
UDP0104,TTAATAGACC,GGTCTATTAA,CCACGACACG,CGTGTCGTGG,2,H1
UDP0105,ACGATTGCTG,CAGCAATCGT,TGTGATGTAT,ATACATCACA,2,A2
UDP0106,TTCTACAGAA,TTCTGTAGAA,GAGCGCAATA,TATTGCGCTC,2,B2
UDP0107,TATTGCGTTC,GAACGCAATA,ATCTTACTGT,ACAGTAAGAT,2,C2
UDP0108,CATGAGTACT,AGTACTCATG,ATGTCGTGGT,ACCACGACAT,2,D2
UDP0109,TAATTCTACC,GGTAGAATTA,GTAGCCATCA,TGATGGCTAC,2,E2
UDP0110,ACGCTAATTA,TAATTAGCGT,TGGTTAAGAA,TTCTTAACCA,2,F2
UDP0111,CCTTGTTAAT,ATTAACAAGG,TGTTGTTCGT,ACGAACAACA,2,G2
UDP0112,GTAGCCATCA,TGATGGCTAC,CCAACAACAT,ATGTTGTTGG,2,H2
UDP0113,CTTGTAATTC,GAATTACAAG,ACCGGCTCAG,CTGAGCCGGT,2,A3
UDP0114,TCCAATTCTA,TAGAATTGGA,GTTAATCTGA,TCAGATTAAC,2,B3
UDP0115,AGAGCTGCCT,AGGCAGCTCT,CGGCTAACGT,ACGTTAGCCG,2,C3
UDP0116,CTTCGCCGAT,ATCGGCGAAG,TCCAAGAATT,AATTCTTGGA,2,D3
UDP0117,TCGGTCACGG,CCGTGACCGA,CCGAACGTTG,CAACGTTCGG,2,E3
UDP0118,GAACAAGTAT,ATACTTGTTC,TAACCGCCGA,TCGGCGGTTA,2,F3
UDP0119,AATTGGCGGA,TCCGCCAATT,CTCCGTGCTG,CAGCACGGAG,2,G3
UDP0120,GGCCTGTCCT,AGGACAGGCC,CATTCCAGCT,AGCTGGAATG,2,H3
UDP0121,TAGGTTCTCT,AGAGAACCTA,GGTTATGCTA,TAGCATAACC,2,A4
UDP0122,ACACAATATC,GATATTGTGT,ACCACACGGT,ACCGTGTGGT,2,B4
UDP0123,TTCCTGTACG,CGTACAGGAA,TAGGTTCTCT,AGAGAACCTA,2,C4
UDP0124,GGTAACGCAG,CTGCGTTACC,TATGGCTCGA,TCGAGCCATA,2,D4
UDP0125,TCCACGGCCT,AGGCCGTGGA,CTCGTGCGTT,AACGCACGAG,2,E4
UDP0126,GATACCTCCT,AGGAGGTATC,CCAGTTGGCA,TGCCAACTGG,2,F4
UDP0127,CAACGTCAGC,GCTGACGTTG,TGTTCGCATT,AATGCGAACA,2,G4
UDP0128,CGGTTATTAG,CTAATAACCG,AACCGCATCG,CGATGCGGTT,2,H4
UDP0129,CGCGCCTAGA,TCTAGGCGCG,CGAAGGTTAA,TTAACCTTCG,2,A5
UDP0130,TCTTGGCTAT,ATAGCCAAGA,AGTGCCACTG,CAGTGGCACT,2,B5
UDP0131,TCACACCGAA,TTCGGTGTGA,GAACAAGTAT,ATACTTGTTC,2,C5
UDP0132,AACGTTACAT,ATGTAACGTT,ACGATTGCTG,CAGCAATCGT,2,D5
UDP0133,CGGCCTCGTT,AACGAGGCCG,ATACCTGGAT,ATCCAGGTAT,2,E5
UDP0134,CATAACACCA,TGGTGTTATG,TCCAATTCTA,TAGAATTGGA,2,F5
UDP0135,ACAGAGGCCA,TGGCCTCTGT,TGAGACAGCG,CGCTGTCTCA,2,G5
UDP0136,TGGTGCCTGG,CCAGGCACCA,ACGCTAATTA,TAATTAGCGT,2,H5
UDP0137,TAGGAACCGG,CCGGTTCCTA,TATATTCGAG,CTCGAATATA,2,A6
UDP0138,AATATTGGCC,GGCCAATATT,CGGTCCGATA,TATCGGACCG,2,B6
UDP0139,ATAGGTATTC,GAATACCTAT,ACAATAGAGT,ACTCTATTGT,2,C6
UDP0140,CCTTCACGTA,TACGTGAAGG,CGGTTATTAG,CTAATAACCG,2,D6
UDP0141,GGCCAATAAG,CTTATTGGCC,GATAACAAGT,ACTTGTTATC,2,E6
UDP0142,CAGTAGTTGT,ACAACTACTG,AGTTATCACA,TGTGATAACT,2,F6
UDP0143,TTCATCCAAC,GTTGGATGAA,TTCCAGGTAA,TTACCTGGAA,2,G6
UDP0144,CAATTGGATT,AATCCAATTG,CATGTAGAGG,CCTCTACATG,2,H6
UDP0145,GGCCATCATA,TATGATGGCC,GATTGTCATA,TATGACAATC,2,A7
UDP0146,AATTGCTGCG,CGCAGCAATT,ATTCCGCTAT,ATAGCGGAAT,2,B7
UDP0147,TAAGGAACGT,ACGTTCCTTA,GACCGCTGTG,CACAGCGGTC,2,C7
UDP0148,CTATACGCGG,CCGCGTATAG,TAGGAACCGG,CCGGTTCCTA,2,D7
UDP0149,ATTCAGAATC,GATTCTGAAT,AGCGGTGGAC,GTCCACCGCT,2,E7
UDP0150,GTATTCTCTA,TAGAGAATAC,TATAGATTCG,CGAATCTATA,2,F7
UDP0151,CCTGATACAA,TTGTATCAGG,ACAGAGGCCA,TGGCCTCTGT,2,G7
UDP0152,GACCGCTGTG,CACAGCGGTC,ATTCCTATTG,CAATAGGAAT,2,H7
UDP0153,TTCAGCGTGG,CCACGCTGAA,TATTCCTCAG,CTGAGGAATA,2,A8
UDP0154,AACTCCGAAC,GTTCGGAGTT,CGCCTTCTGA,TCAGAAGGCG,2,B8
UDP0155,ATTCCGCTAT,ATAGCGGAAT,GCGCAGAGTA,TACTCTGCGC,2,C8
UDP0156,TGAATATTGC,GCAATATTCA,GGCGCCAATT,AATTGGCGCC,2,D8
UDP0157,CGCAATCTAG,CTAGATTGCG,AGATATGGCG,CGCCATATCT,2,E8
UDP0158,AACCGCATCG,CGATGCGGTT,CCTGCTTGGT,ACCAAGCAGG,2,F8
UDP0159,CTAGTCCGGA,TCCGGACTAG,GACGAACAAT,ATTGTTCGTC,2,G8
UDP0160,GCTCCGTCAC,GTGACGGAGC,TGGCGGTCCA,TGGACCGCCA,2,H8
UDP0161,AGATGGAATT,AATTCCATCT,CTTCAGTTAC,GTAACTGAAG,2,A9
UDP0162,ACACCGTTAA,TTAACGGTGT,TCCTGACCGT,ACGGTCAGGA,2,B9
UDP0163,GATAACAAGT,ACTTGTTATC,CGCGCCTAGA,TCTAGGCGCG,2,C9
UDP0164,CTGGTACACG,CGTGTACCAG,AGGATAAGTT,AACTTATCCT,2,D9
UDP0165,CGAAGGTTAA,TTAACCTTCG,AGGCCAGACA,TGTCTGGCCT,2,E9
UDP0166,ATCGCATATG,CATATGCGAT,CCTTGAACGG,CCGTTCAAGG,2,F9
UDP0167,ATCATAGGCT,AGCCTATGAT,CACCACCTAC,GTAGGTGGTG,2,G9
UDP0168,GATTGTCATA,TATGACAATC,TTGCTTGTAT,ATACAAGCAA,2,H9
UDP0169,CCAACAACAT,ATGTTGTTGG,CAATCTATGA,TCATAGATTG,2,A10
UDP0170,TTGGTGGTGC,GCACCACCAA,TGGTACTGAT,ATCAGTACCA,2,B10
UDP0171,GCGAACGCCT,AGGCGTTCGC,TTCATCCAAC,GTTGGATGAA,2,C10
UDP0172,CAACCGGAGG,CCTCCGGTTG,CATAACACCA,TGGTGTTATG,2,D10
UDP0173,AGCGGTGGAC,GTCCACCGCT,TCCTATTAGC,GCTAATAGGA,2,E10
UDP0174,GACGAACAAT,ATTGTTCGTC,TCTCTAGATT,AATCTAGAGA,2,F10
UDP0175,CCACTGGTCC,GGACCAGTGG,CGCGAGCCTA,TAGGCTCGCG,2,G10
UDP0176,TGTTAGAAGG,CCTTCTAACA,GATAAGCTCT,AGAGCTTATC,2,H10
UDP0177,TATATTCGAG,CTCGAATATA,GAGATGTCGA,TCGACATCTC,2,A11
UDP0178,CGCGACGATC,GATCGTCGCG,CTGGATATGT,ACATATCCAG,2,B11
UDP0179,GCCTCGGATA,TATCCGAGGC,GGCCAATAAG,CTTATTGGCC,2,C11
UDP0180,TGAGACAGCG,CGCTGTCTCA,ATTACTCACC,GGTGAGTAAT,2,D11
UDP0181,TGTTCGCATT,AATGCGAACA,AATTGGCGGA,TCCGCCAATT,2,E11
UDP0182,TCCAAGAATT,AATTCTTGGA,TTGTCAACTT,AAGTTGACAA,2,F11
UDP0183,GCTGTAGGAA,TTCCTACAGC,GGCGAATTCT,AGAATTCGCC,2,G11
UDP0184,ATACCTGGAT,ATCCAGGTAT,CAACGTCAGC,GCTGACGTTG,2,H11
UDP0185,GTTGGACCGT,ACGGTCCAAC,TCTTACATCA,TGATGTAAGA,2,A12
UDP0186,ACCAAGTTAC,GTAACTTGGT,CGCCATACCT,AGGTATGGCG,2,B12
UDP0187,GTGTGGCGCT,AGCGCCACAC,CTAATGTCTT,AAGACATTAG,2,C12
UDP0188,GGCAGTAGCA,TGCTACTGCC,CAACCGGAGG,CCTCCGGTTG,2,D12
UDP0189,TGCGGTGTTG,CAACACCGCA,GGCAGTAGCA,TGCTACTGCC,2,E12
UDP0190,GATTAAGGTG,CACCTTAATC,TTAGGATAGA,TCTATCCTAA,2,F12
UDP0191,CAACATTCAA,TTGAATGTTG,CGCAATCTAG,CTAGATTGCG,2,G12
UDP0192,GTGTTACCGG,CCGGTAACAC,GAGTTGTACT,AGTACAACTC,2,H12
UDP0193,TATCATGAGA,TCTCATGATA,AACACGTGGA,TCCACGTGTT,3,A1
UDP0194,CTTGGCCTCG,CGAGGCCAAG,GTGTTACCGG,CCGGTAACAC,3,B1
UDP0195,GTCTCGTGAA,TTCACGAGAC,AGATTGTTAC,GTAACAATCT,3,C1
UDP0196,CCATCCACGC,GCGTGGATGG,TTGACCAATG,CATTGGTCAA,3,D1
UDP0197,ACAACCAGGA,TCCTGGTTGT,CTGACCGGCA,TGCCGGTCAG,3,E1
UDP0198,AGCAGAATTA,TAATTCTGCT,TCTCATCAAT,ATTGATGAGA,3,F1
UDP0199,CAGTCGTGCG,CGCACGACTG,GGACCAACAG,CTGTTGGTCC,3,G1
UDP0200,GTCTAACCTC,GAGGTTAGAC,AATGTATTGC,GCAATACATT,3,H1
UDP0201,GAACTCGGTT,AACCGAGTTC,GATCTCTGGA,TCCAGAGATC,3,A2
UDP0202,AGTTATCACA,TGTGATAACT,CAGGCGCCAT,ATGGCGCCTG,3,B2
UDP0203,GTAGCATACT,AGTATGCTAC,TTAATAGACC,GGTCTATTAA,3,C2
UDP0204,CTTCAGTTAC,GTAACTGAAG,GGAGTCGCGA,TCGCGACTCC,3,D2
UDP0205,AGTCCGAGGA,TCCTCGGACT,AACGCCAGAG,CTCTGGCGTT,3,E2
UDP0206,ACAGTTCCAG,CTGGAACTGT,CGTAATTAAC,GTTAATTACG,3,F2
UDP0207,CCGCATATTC,GAATATGCGG,ACGAGACTGA,TCAGTCTCGT,3,G2
UDP0208,TTATCCGATC,GATCGGATAA,GTATCGGCCG,CGGCCGATAC,3,H2
UDP0209,ATAGTCTAGC,GCTAGACTAT,AATACGACAT,ATGTCGTATT,3,A3
UDP0210,TATAGTAGCT,AGCTACTATA,GTTATATGGC,GCCATATAAC,3,B3
UDP0211,ACTCCGGTGG,CCACCGGAGT,GCCTGCCATG,CATGGCAGGC,3,C3
UDP0212,GTGCGGTAAG,CTTACCGCAC,TAAGACCTAT,ATAGGTCTTA,3,D3
UDP0213,GATATCCTAA,TTAGGATATC,TATACCATGG,CCATGGTATA,3,E3
UDP0214,TCGCGTATAA,TTATACGCGA,GCCGTCTGTT,AACAGACGGC,3,F3
UDP0215,ATTCTAAGCG,CGCTTAGAAT,CAGAGTGATA,TATCACTCTG,3,G3
UDP0216,AGCGCTTCGG,CCGAAGCGCT,TGCTAACTAT,ATAGTTAGCA,3,H3
UDP0217,GTTGATAGTG,CACTATCAAC,TCAGTTAATG,CATTAACTGA,3,A4
UDP0218,AATAGAGCAA,TTGCTCTATT,GTGACCTTGA,TCAAGGTCAC,3,B4
UDP0219,CTAACTGTAA,TTACAGTTAG,ACATGCATAT,ATATGCATGT,3,C4
UDP0220,GCGTACTTAG,CTAAGTACGC,AACATACCTA,TAGGTATGTT,3,D4
UDP0221,TACCGAACTA,TAGTTCGGTA,CCATGTGTAG,CTACACATGG,3,E4
UDP0222,GTAGTAATAG,CTATTACTAC,GAGTCTCTCC,GGAGAGACTC,3,F4
UDP0223,GGTTATGCTA,TAGCATAACC,GCTATGCGCA,TGCGCATAGC,3,G4
UDP0224,ACAATAGAGT,ACTCTATTGT,ATCGCATATG,CATATGCGAT,3,H4
UDP0225,GCTTCCACTA,TAGTGGAAGC,AGTACCTATA,TATAGGTACT,3,A5
UDP0226,AGATATGGCG,CGCCATATCT,GACCGGAGAT,ATCTCCGGTC,3,B5
UDP0227,AATATGAAGC,GCTTCATATT,CGTTCAGCCT,AGGCTGAACG,3,C5
UDP0228,TAGCGCTAGT,ACTAGCGCTA,TTACTTCCTC,GAGGAAGTAA,3,D5
UDP0229,AGTTAAGAGC,GCTCTTAACT,CACGTCCACC,GGTGGACGTG,3,E5
UDP0230,CAGATACCAC,GTGGTATCTG,GCTACTATCT,AGATAGTAGC,3,F5
UDP0231,ACGGCCGTCA,TGACGGCCGT,AGTCAACCAT,ATGGTTGACT,3,G5
UDP0232,GTAATTACTG,CAGTAATTAC,CGAGGCGGTA,TACCGCCTCG,3,H5
UDP0233,AAGTCTTGTA,TACAAGACTT,CAGGTGTTCA,TGAACACCTG,3,A6
UDP0234,GTCACCACAG,CTGTGGTGAC,GACAGACAGG,CCTGTCTGTC,3,B6
UDP0235,ATTAGTGGAG,CTCCACTAAT,TGTACTTGTT,AACAAGTACA,3,C6
UDP0236,TGCTAACTAT,ATAGTTAGCA,CTCTAAGTAG,CTACTTAGAG,3,D6
UDP0237,TAAGACCTAT,ATAGGTCTTA,GTCACCACAG,CTGTGGTGAC,3,E6
UDP0238,TGGTTAAGAA,TTCTTAACCA,TCTACATACC,GGTATGTAGA,3,F6
UDP0239,ACTCTTCCTT,AAGGAAGAGT,CACGTTAGGC,GCCTAACGTG,3,G6
UDP0240,GTCTCCTTCC,GGAAGGAGAC,TGGTGAGTCT,AGACTCACCA,3,H6
UDP0241,TCCGCGTTCA,TGAACGCGGA,CTTCGAAGGA,TCCTTCGAAG,3,A7
UDP0242,AGGTTGCAGG,CCTGCAACCT,GTAGAGTCAG,CTGACTCTAC,3,B7
UDP0243,GAACCATGAA,TTCATGGTTC,GACATTGTCA,TGACAATGTC,3,C7
UDP0244,TTGAGAGGAT,ATCCTCTCAA,TCCGCAAGGC,GCCTTGCGGA,3,D7
UDP0245,TGGTCTAGTG,CACTAGACCA,ACTGCCTTAT,ATAAGGCAGT,3,E7
UDP0246,AGTGGATAAT,ATTATCCACT,TACGCACGTA,TACGTGCGTA,3,F7
UDP0247,GGCACGCCAT,ATGGCGTGCC,CGCTTGAAGT,ACTTCAAGCG,3,G7
UDP0248,GATCTCTGGA,TCCAGAGATC,CTGCACTTCA,TGAAGTGCAG,3,H7
UDP0249,TGCTGGACAT,ATGTCCAGCA,CAGCGGACAA,TTGTCCGCTG,3,A8
UDP0250,CCGAACGTTG,CAACGTTCGG,GGATCCGCAT,ATGCGGATCC,3,B8
UDP0251,ATTAATACGC,GCGTATTAAT,TGCGGTGTTG,CAACACCGCA,3,C8
UDP0252V2,CCAGATTCGG,CCGAATCTGG,ATGAATCAAG,CTTGATTCAT,3,D8
UDP0253,GGTATTGAGA,TCTCAATACC,GACGTTCGCG,CGCGAACGTC,3,E8
UDP0254,CAAGATGCTT,AAGCATCTTG,CATTCAACAA,TTGTTGAATG,3,F8
UDP0255,ACGAGACTGA,TCAGTCTCGT,CACGGATTAT,ATAATCCGTG,3,G8
UDP0256,TTATCTTGCA,TGCAAGATAA,TTGAGGACGG,CCGTCCTCAA,3,H8
UDP0257,AGATTGTTAC,GTAACAATCT,CTCTGTATAC,GTATACAGAG,3,A9
UDP0258V2,TATACCATGG,CCATGGTATA,TCTCGCGGAG,CTCCGCGAGA,3,B9
UDP0259,AACGGTATGA,TCATACCGTT,GGTAACGCAG,CTGCGTTACC,3,C9
UDP0260,CAATGGCGCC,GGCGCCATTG,ACCGCGCAAT,ATTGCGCGGT,3,D9
UDP0261,CTAATTCGCT,AGCGAATTAG,AGCCGGAACA,TGTTCCGGCT,3,E9
UDP0262,CATGGTCTAA,TTAGACCATG,TCCTAGGAAG,CTTCCTAGGA,3,F9
UDP0263,ATACTGTGTG,CACACAGTAT,TTGAGCCTAA,TTAGGCTCAA,3,G9
UDP0264,GCCGACAAGA,TCTTGTCGGC,CCACCTGTGT,ACACAGGTGG,3,H9
UDP0265,CGAGGCGGTA,TACCGCCTCG,CCTCGCAACC,GGTTGCGAGG,3,A10
UDP0266,GATATAACAG,CTGTTATATC,GTATAGCTGT,ACAGCTATAC,3,B10
UDP0267,TCGCCGGTTA,TAACCGGCGA,GCTACATTAG,CTAATGTAGC,3,C10
UDP0268,AGACTCTCTT,AAGAGAGTCT,TACGAATCTT,AAGATTCGTA,3,D10
UDP0269,GCTCGCCTAC,GTAGGCGAGC,TAGGAGCGCA,TGCGCTCCTA,3,E10
UDP0270,AGGATAAGTT,AACTTATCCT,GTACTGGCGT,ACGCCAGTAC,3,F10
UDP0271,GAGACATAAT,ATTATGTCTC,AGTTAAGAGC,GCTCTTAACT,3,G10
UDP0272,AGCTGTTATA,TATAACAGCT,TCGCGTATAA,TTATACGCGA,3,H10
UDP0273,GTATCATTGG,CCAATGATAC,GAGTGTGCCG,CGGCACACTC,3,A11
UDP0274,AATAGGCCTC,GAGGCCTATT,CTAGTCCGGA,TCCGGACTAG,3,B11
UDP0275,CCGCTTAGCT,AGCTAAGCGG,ATTAATACGC,GCGTATTAAT,3,C11
UDP0276,TCCTAGGAAG,CTTCCTAGGA,CCTAGAGTAT,ATACTCTAGG,3,D11
UDP0277,TCACAGATCG,CGATCTGTGA,TAGGAAGACT,AGTCTTCCTA,3,E11
UDP0278,ACTTGTCCAC,GTGGACAAGT,CCGTGGCCTT,AAGGCCACGG,3,F11
UDP0279,TGTACTTGTT,AACAAGTACA,GGATATATCC,GGATATATCC,3,G11
UDP0280,CACTTAATCT,AGATTAAGTG,CACCTCTTGG,CCAAGAGGTG,3,H11
UDP0281,CAGAGTGATA,TATCACTCTG,AACGTTACAT,ATGTAACGTT,3,A12
UDP0282,GGCGAATTCT,AGAATTCGCC,CGGCAAGCTC,GAGCTTGCCG,3,B12
UDP0283,AGTGGTCAGG,CCTGACCACT,TCTTGGCTAT,ATAGCCAAGA,3,C12
UDP0284,CATTCCAGCT,AGCTGGAATG,ACGGAATGCG,CGCATTCCGT,3,D12
UDP0285,CTCGTTATCA,TGATAACGAG,GTTCCGCAGG,CCTGCGGAAC,3,E12
UDP0286,CCTTACTATG,CATAGTAAGG,ACCAAGTTAC,GTAACTTGGT,3,F12
UDP0287,AGAAGCCAAT,ATTGGCTTCT,TGGCTCGCAG,CTGCGAGCCA,3,G12
UDP0288,TAATCGGTAC,GTACCGATTA,AACTAACGTT,AACGTTAGTT,3,H12
UDP0289V2,GCTACTATCT,AGATAGTAGC,GGCACGCCAT,ATGGCGTGCC,4,A1
UDP0290V2,GTCTTCTAAT,ATTAGAAGAC,GCAGGCTGGA,TCCAGCCTGC,4,B1
UDP0291V2,ATGTGCGAGC,GCTCGCACAT,ATGGCTTAAT,ATTAAGCCAT,4,C1
UDP0292,TGGCAATATT,AATATTGCCA,CGGTGACACC,GGTGTCACCG,4,D1
UDP0293,GAATGCACGA,TCGTGCATTC,GCGTTGGTAT,ATACCAACGC,4,E1
UDP0294,CGTGTATCTT,AAGATACACG,TGTGCTAACA,TGTTAGCACA,4,F1
UDP0295,ATTCATTGCA,TGCAATGAAT,CCAGAAGTAA,TTACTTCTGG,4,G1
UDP0296,TCCTTCATAG,CTATGAAGGA,CTTATACCTG,CAGGTATAAG,4,H1
UDP0297,TCTAGTCTTC,GAAGACTAGA,ACTAGAACTT,AAGTTCTAGT,4,A2
UDP0298,CTCGACTCCT,AGGAGTCGAG,TTAGGCTTAC,GTAAGCCTAA,4,B2
UDP0299,AGTGAGTGAA,TTCACTCACT,TATCATGAGA,TCTCATGATA,4,C2
UDP0300,GAAGCGGACC,GGTCCGCTTC,CTCACACAAG,CTTGTGTGAG,4,D2
UDP0301V2,CAAGCCACTA,TAGTGGCTTG,AGTTACTTGG,CCAAGTAACT,4,E2
UDP0302,GGACCTCAAT,ATTGAGGTCC,CGGATTATAT,ATATAATCCG,4,F2
UDP0303,GAGTCTCTCC,GGAGAGACTC,TTGAAGCAGA,TCTGCTTCAA,4,G2
UDP0304,AACGGAGCGG,CCGCTCCGTT,TACGGCGAAG,CTTCGCCGTA,4,H2
UDP0305,TGTGATGTAT,ATACATCACA,TCTCCATTGA,TCAATGGAGA,4,A3
UDP0306,AACATACCTA,TAGGTATGTT,CGAGACCAAG,CTTGGTCTCG,4,B3
UDP0307,GTGCTAGGTG,CACCTAGCAC,TGCTGGACAT,ATGTCCAGCA,4,C3
UDP0308,CATACTTGAA,TTCAAGTATG,GATGGTATCG,CGATACCATC,4,D3
UDP0309,CTTGTCTTAA,TTAAGACAAG,GGCTTAATTG,CAATTAAGCC,4,E3
UDP0310,AAGAGAGGTG,CACCTCTCTT,CTCGACTCCT,AGGAGTCGAG,4,F3
UDP0311,TGCACGAGAA,TTCTCGTGCA,ATACACAGAG,CTCTGTGTAT,4,G3
UDP0312,ACTTCCTAGC,GCTAGGAAGT,TCTCGGACGA,TCGTCCGAGA,4,H3
UDP0313,GTGCTATTAA,TTAATAGCAC,ACCACGTCTG,CAGACGTGGT,4,A4
UDP0314,AGCGTGAATG,CATTCACGCT,GTTGTACTCA,TGAGTACAAC,4,B4
UDP0315,CCTTAGTGCC,GGCACTAAGG,TCAGGTCAAC,GTTGACCTGA,4,C4
UDP0316,TGTACCGAAT,ATTCGGTACA,AGTCCGAGGA,TCCTCGGACT,4,D4
UDP0317,GGAGATTAGT,ACTAATCTCC,CACTTAATCT,AGATTAAGTG,4,E4
UDP0318,TACTAACACA,TGTGTTAGTA,TACTCTGTTA,TAACAGAGTA,4,F4
UDP0319,TAGGTCGTTG,CAACGACCTA,GCGACTCGAT,ATCGAGTCGC,4,G4
UDP0320,ATGCCGACCG,CGGTCGGCAT,CTAGGCAAGG,CCTTGCCTAG,4,H4
UDP0321,CTAGCGTCGA,TCGACGCTAG,CCTCTTCGAA,TTCGAAGAGG,4,A5
UDP0322,TGCCTACGAG,CTCGTAGGCA,TCATCCTCTT,AAGAGGATGA,4,B5
UDP0323,ACTAGAACTT,AAGTTCTAGT,GGTAAGATAA,TTATCTTACC,4,C5
UDP0324,CACCTCTTGG,CCAAGAGGTG,AACGAGCCAG,CTGGCTCGTT,4,D5
UDP0325,AAGCAGATAT,ATATCTGCTT,TAGACAATCT,AGATTGTCTA,4,E5
UDP0326,GCCAGATCCA,TGGATCTGGC,CAATGCTGAA,TTCAGCATTG,4,F5
UDP0327,TTGGATTCAA,TTGAATCCAA,GTCACGGTGT,ACACCGTGAC,4,G5
UDP0328,ACTAGCCGTG,CACGGCTAGT,GGTGTACAAG,CTTGTACACC,4,H5
UDP0329,CGGCAAGCTC,GAGCTTGCCG,AGGTTGCAGG,CCTGCAACCT,4,A6
UDP0330,GAAGCTAGCT,AGCTAGCTTC,TAATACGGAG,CTCCGTATTA,4,B6
UDP0331,ACAAGGATTG,CAATCCTTGT,CGAAGACGCA,TGCGTCTTCG,4,C6
UDP0332,GCAACAGGTG,CACCTGTTGC,ATTGACACAT,ATGTGTCAAT,4,D6
UDP0333,CAAGGTGACG,CGTCACCTTG,CAGCCGATTG,CAATCGGCTG,4,E6
UDP0334,ACCAGTCATT,AATGACTGGT,TCTCACGCGT,ACGCGTGAGA,4,F6
UDP0335,CCGGAATCAT,ATGATTCCGG,CTCTGACGTG,CACGTCAGAG,4,G6
UDP0336,TTGAGCCTAA,TTAGGCTCAA,TCGAATGGAA,TTCCATTCGA,4,H6
UDP0337,CCACCTTACA,TGTAAGGTGG,AAGGCCTTGG,CCAAGGCCTT,4,A7
UDP0338,GTTGCAGTTG,CAACTGCAAC,TGAACGCAAC,GTTGCGTTCA,4,B7
UDP0339,TCACTCATGT,ACATGAGTGA,CCGCTTAGCT,AGCTAAGCGG,4,C7
UDP0340,GACTGGTTGC,GCAACCAGTC,CACCGAGGAA,TTCCTCGGTG,4,D7
UDP0341,ATCGTCGCTC,GAGCGACGAT,CGTATAATCA,TGATTATACG,4,E7
UDP0342,GGTGCGTTCG,CGAACGCACC,ATGACAGAAC,GTTCTGTCAT,4,F7
UDP0343,CGGCGTAAGA,TCTTACGCCG,ATTCATTGCA,TGCAATGAAT,4,G7
UDP0344,GACATCAGCT,AGCTGATGTC,TCATGTCCTG,CAGGACATGA,4,H7
UDP0345,ACTAATTCAG,CTGAATTAGT,AATTCGATCG,CGATCGAATT,4,A8
UDP0346,TTCCTCCTTA,TAAGGAGGAA,TTCCGACATT,AATGTCGGAA,4,B8
UDP0347,TGTGTAAGCT,AGCTTACACA,TGGCACGACC,GGTCGTGCCA,4,C8
UDP0348,GTGGCTGGTT,AACCAGCCAC,GCCACAGCAC,GTGCTGTGGC,4,D8
UDP0349,TCGACTTAAG,CTTAAGTCGA,CAGTAGTTGT,ACAACTACTG,4,E8
UDP0350,CACGTTAGGC,GCCTAACGTG,AGCTCTCAAG,CTTGAGAGCT,4,F8
UDP0351,TGAAGTAAGT,ACTTACTTCA,TCTGGAATTA,TAATTCCAGA,4,G8
UDP0352,ACGGAATGCG,CGCATTCCGT,ATTAGTGGAG,CTCCACTAAT,4,H8
UDP0353,GTGTGATATC,GATATCACAC,GACTATATGT,ACATATAGTC,4,A9
UDP0354,ACACAGCGCT,AGCGCTGTGT,CGTTCGGAAC,GTTCCGAACG,4,B9
UDP0355,AGCGCGGTGA,TCACCGCGCT,TCGATACTAG,CTAGTATCGA,4,C9
UDP0356,CAAGGCTATC,GATAGCCTTG,TACCACAATG,CATTGTGGTA,4,D9
UDP0357,TGCGTCCAGG,CCTGGACGCA,TGGTATACCA,TGGTATACCA,4,E9
UDP0358,AGGTGCGTAA,TTACGCACCT,GCTCTCGTTG,CAACGAGAGC,4,F9
UDP0359,GCAGCAACGA,TCGTTGCTGC,GTCTCGTGAA,TTCACGAGAC,4,G9
UDP0360,ATCCTTGTCG,CGACAAGGAT,AAGGCCACCT,AGGTGGCCTT,4,H9
UDP0361,GAAGGTACAC,GTGTACCTTC,CTGTGAGCTA,TAGCTCACAG,4,A10
UDP0362,TTGGCCAGGT,ACCTGGCCAA,TCACAGATCG,CGATCTGTGA,4,B10
UDP0363,AGGCCAGACA,TGTCTGGCCT,AGAAGCCAAT,ATTGGCTTCT,4,C10
UDP0364,AGCATTAACT,AGTTAATGCT,ACTGCAGCCG,CGGCTGCAGT,4,D10
UDP0365,ATTACTCACC,GGTGAGTAAT,AACATCTAGT,ACTAGATGTT,4,E10
UDP0366,GCGCAGAGTA,TACTCTGCGC,CCTTACTATG,CATAGTAAGG,4,F10
UDP0367,CGCCATACCT,AGGTATGGCG,GTGGCGAGAC,GTCTCGCCAC,4,G10
UDP0368,GCAGGCTGGA,TCCAGCCTGC,GCCAGATCCA,TGGATCTGGC,4,H10
UDP0369,GTTATATGGC,GCCATATAAC,ACACAATATC,GATATTGTGT,4,A11
UDP0370,CACTCGCACT,AGTGCGAGTG,TGGAGGTAAT,ATTACCTCCA,4,B11
UDP0371,ACCGGCTCAG,CTGAGCCGGT,CCTTCACGTA,TACGTGAAGG,4,C11
UDP0372,ATAGACCGTT,AACGGTCTAT,CTATACGCGG,CCGCGTATAG,4,D11
UDP0373,TGAACGCAAC,GTTGCGTTCA,GTTGCAGTTG,CAACTGCAAC,4,E11
UDP0374,GTGGTTGAAG,CTTCAACCAC,TTATGCGCCT,AGGCGCATAA,4,F11
UDP0375,ACTGAATAGA,TCTATTCAGT,TCTCAGTACA,TGTACTGAGA,4,G11
UDP0376,GGACGTCTTG,CAAGACGTCC,AGTATACGGA,TCCGTATACT,4,H11
UDP0377,GTTGTACTCA,TGAGTACAAC,ACGCTTGGAC,GTCCAAGCGT,4,A12
UDP0378,AGAACCGCGG,CCGCGGTTCT,GGAGTAGATT,AATCTACTCC,4,B12
UDP0379,CAGTATCAAT,ATTGATACTG,TACACGCTCC,GGAGCGTGTA,4,C12
UDP0380,TCCATAATCC,GGATTATGGA,TCCGATAGAG,CTCTATCGGA,4,D12
UDP0381,ATGAGAACCA,TGGTTCTCAT,CTCAAGGCCG,CGGCCTTGAG,4,E12
UDP0382,TCGTGGTTGA,TCAACCACGA,CAAGTTCATA,TATGAACTTG,4,F12
UDP0383,CAAGTTCATA,TATGAACTTG,AATCCTTAGG,CCTAAGGATT,4,G12
UDP0384,CTTAACCACT,AGTGGTTAAG,GGTGGAATAC,GTATTCCACC,4,H12
