Sample_name,Sample_number,file1,file2,i7_Index_Name,i5_Index_Name,Well,PrimerF,PrimerR,Locus
1306a-1,S1,1306a-1_S1_L001_R1_001.fastq,1306a-1_S1_L001_R2_001.fastq,N701,N502,A1,GYAATCACTTGTCTTTTAAATGAAGACC,GGATTGCGCTGTTATCCCTA,16S_Prey
1361a-1,S2,1361a-1_S2_L001_R1_001.fastq,1361a-1_S2_L001_R2_001.fastq,N701,N503,B1,GYAATCACTTGTCTTTTAAATGAAGACC,GGATTGCGCTGTTATCCCTA,16S_Prey
1362a-1,S3,1362a-1_S3_L001_R1_001.fastq,1362a-1_S3_L001_R2_001.fastq,N701,N504,C1,GYAATCACTTGTCTTTTAAATGAAGACC,GGATTGCGCTGTTATCCCTA,16S_Prey
1306b-1,S4,1306b-1_S4_L001_R1_001.fastq,1306b-1_S4_L001_R2_001.fastq,N701,N505,D1,GYAATCACTTGTCTTTTAAATGAAGACC,GGATTGCGCTGTTATCCCTA,16S_Prey
1361b-1,S5,1361b-1_S5_L001_R1_001.fastq,1361b-1_S5_L001_R2_001.fastq,N701,N506,E1,GYAATCACTTGTCTTTTAAATGAAGACC,GGATTGCGCTGTTATCCCTA,16S_Prey
1362b-1,S6,1362b-1_S6_L001_R1_001.fastq,1362b-1_S6_L001_R2_001.fastq,N701,N507,F1,GYAATCACTTGTCTTTTAAATGAAGACC,GGATTGCGCTGTTATCCCTA,16S_Prey
1306a-2,S7,1306a-2_S7_L001_R1_001.fastq,1306a-2_S7_L001_R2_001.fastq,N701,N508,G1,GYAATCACTTGTCTTTTAAATGAAGACC,GGATTGCGCTGTTATCCCTA,16S_Prey
1361a-2,S8,1361a-2_S8_L001_R1_001.fastq,1361a-2_S8_L001_R2_001.fastq,N701,N517,H1,GYAATCACTTGTCTTTTAAATGAAGACC,GGATTGCGCTGTTATCCCTA,16S_Prey
1362a-2,S9,1362a-2_S9_L001_R1_001.fastq,1362a-2_S9_L001_R2_001.fastq,N702,N502,A2,GYAATCACTTGTCTTTTAAATGAAGACC,GGATTGCGCTGTTATCCCTA,16S_Prey
1306b-2,S10,1306b-2_S10_L001_R1_001.fastq,1306b-2_S10_L001_R2_001.fastq,N702,N503,B2,GYAATCACTTGTCTTTTAAATGAAGACC,GGATTGCGCTGTTATCCCTA,16S_Prey
1361b-2,S11,1361b-2_S11_L001_R1_001.fastq,1361b-2_S11_L001_R2_001.fastq,N702,N504,C2,GYAATCACTTGTCTTTTAAATGAAGACC,GGATTGCGCTGTTATCCCTA,16S_Prey
1362b-2,S12,1362b-2_S12_L001_R1_001.fastq,1362b-2_S12_L001_R2_001.fastq,N702,N505,D2,GYAATCACTTGTCTTTTAAATGAAGACC,GGATTGCGCTGTTATCCCTA,16S_Prey
1306a-3,S13,1306a-3_S13_L001_R1_001.fastq,1306a-3_S13_L001_R2_001.fastq,N702,N506,E2,GYAATCACTTGTCTTTTAAATGAAGACC,GGATTGCGCTGTTATCCCTA,16S_Prey
1361a-3,S14,1361a-3_S14_L001_R1_001.fastq,1361a-3_S14_L001_R2_001.fastq,N702,N507,F2,GYAATCACTTGTCTTTTAAATGAAGACC,GGATTGCGCTGTTATCCCTA,16S_Prey
1362a-3,S15,1362a-3_S15_L001_R1_001.fastq,1362a-3_S15_L001_R2_001.fastq,N702,N508,G2,GYAATCACTTGTCTTTTAAATGAAGACC,GGATTGCGCTGTTATCCCTA,16S_Prey
1306b-3,S16,1306b-3_S16_L001_R1_001.fastq,1306b-3_S16_L001_R2_001.fastq,N702,N517,H2,GYAATCACTTGTCTTTTAAATGAAGACC,GGATTGCGCTGTTATCCCTA,16S_Prey
1361b-3,S17,1361b-3_S17_L001_R1_001.fastq,1361b-3_S17_L001_R2_001.fastq,N703,N502,A3,GYAATCACTTGTCTTTTAAATGAAGACC,GGATTGCGCTGTTATCCCTA,16S_Prey
1362b-3,S18,1362b-3_S18_L001_R1_001.fastq,1362b-3_S18_L001_R2_001.fastq,N703,N503,B3,GYAATCACTTGTCTTTTAAATGAAGACC,GGATTGCGCTGTTATCCCTA,16S_Prey
Positive-1,S19,Positive-1_S19_L001_R1_001.fastq,Positive-1_S19_L001_R2_001.fastq,N703,N504,C3,GYAATCACTTGTCTTTTAAATGAAGACC,GGATTGCGCTGTTATCCCTA,16S_Prey
Sample-1-1,S20,Sample-1-1_S20_L001_R1_001.fastq,Sample-1-1_S20_L001_R2_001.fastq,N703,N505,D3,GYAATCACTTGTCTTTTAAATGAAGACC,GGATTGCGCTGTTATCCCTA,16S_Prey
Sample-2-1,S21,Sample-2-1_S21_L001_R1_001.fastq,Sample-2-1_S21_L001_R2_001.fastq,N703,N506,E3,GYAATCACTTGTCTTTTAAATGAAGACC,GGATTGCGCTGTTATCCCTA,16S_Prey
Sample-3-1,S22,Sample-3-1_S22_L001_R1_001.fastq,Sample-3-1_S22_L001_R2_001.fastq,N703,N507,F3,GYAATCACTTGTCTTTTAAATGAAGACC,GGATTGCGCTGTTATCCCTA,16S_Prey
Sample-4-1,S23,Sample-4-1_S23_L001_R1_001.fastq,Sample-4-1_S23_L001_R2_001.fastq,N703,N508,G3,GYAATCACTTGTCTTTTAAATGAAGACC,GGATTGCGCTGTTATCCCTA,16S_Prey
Sample-5-1,S24,Sample-5-1_S24_L001_R1_001.fastq,Sample-5-1_S24_L001_R2_001.fastq,N703,N517,H3,GYAATCACTTGTCTTTTAAATGAAGACC,GGATTGCGCTGTTATCCCTA,16S_Prey
Sample-6-1,S25,Sample-6-1_S25_L001_R1_001.fastq,Sample-6-1_S25_L001_R2_001.fastq,N704,N502,A4,GYAATCACTTGTCTTTTAAATGAAGACC,GGATTGCGCTGTTATCCCTA,16S_Prey
Sample-7-1,S26,Sample-7-1_S26_L001_R1_001.fastq,Sample-7-1_S26_L001_R2_001.fastq,N704,N503,B4,GYAATCACTTGTCTTTTAAATGAAGACC,GGATTGCGCTGTTATCCCTA,16S_Prey
Sample-8-1,S27,Sample-8-1_S27_L001_R1_001.fastq,Sample-8-1_S27_L001_R2_001.fastq,N704,N504,C4,GYAATCACTTGTCTTTTAAATGAAGACC,GGATTGCGCTGTTATCCCTA,16S_Prey
Sample-9-1,S28,Sample-9-1_S28_L001_R1_001.fastq,Sample-9-1_S28_L001_R2_001.fastq,N704,N505,D4,GYAATCACTTGTCTTTTAAATGAAGACC,GGATTGCGCTGTTATCCCTA,16S_Prey
Sample-10-1,S29,Sample-10-1_S29_L001_R1_001.fastq,Sample-10-1_S29_L001_R2_001.fastq,N704,N506,E4,GYAATCACTTGTCTTTTAAATGAAGACC,GGATTGCGCTGTTATCCCTA,16S_Prey
Sample-11-1,S30,Sample-11-1_S30_L001_R1_001.fastq,Sample-11-1_S30_L001_R2_001.fastq,N704,N507,F4,GYAATCACTTGTCTTTTAAATGAAGACC,GGATTGCGCTGTTATCCCTA,16S_Prey
Sample-12-1,S31,Sample-12-1_S31_L001_R1_001.fastq,Sample-12-1_S31_L001_R2_001.fastq,N704,N508,G4,GYAATCACTTGTCTTTTAAATGAAGACC,GGATTGCGCTGTTATCCCTA,16S_Prey
Sample-13-1,S32,Sample-13-1_S32_L001_R1_001.fastq,Sample-13-1_S32_L001_R2_001.fastq,N704,N517,H4,GYAATCACTTGTCTTTTAAATGAAGACC,GGATTGCGCTGTTATCCCTA,16S_Prey
Sample-19-1,S33,Sample-19-1_S33_L001_R1_001.fastq,Sample-19-1_S33_L001_R2_001.fastq,N705,N502,A5,GYAATCACTTGTCTTTTAAATGAAGACC,GGATTGCGCTGTTATCCCTA,16S_Prey
Sample-48-1,S34,Sample-48-1_S34_L001_R1_001.fastq,Sample-48-1_S34_L001_R2_001.fastq,N705,N503,B5,GYAATCACTTGTCTTTTAAATGAAGACC,GGATTGCGCTGTTATCCCTA,16S_Prey
Sample-49-1,S35,Sample-49-1_S35_L001_R1_001.fastq,Sample-49-1_S35_L001_R2_001.fastq,N705,N504,C5,GYAATCACTTGTCTTTTAAATGAAGACC,GGATTGCGCTGTTATCCCTA,16S_Prey
Sample-20-1,S36,Sample-20-1_S36_L001_R1_001.fastq,Sample-20-1_S36_L001_R2_001.fastq,N705,N505,D5,GYAATCACTTGTCTTTTAAATGAAGACC,GGATTGCGCTGTTATCCCTA,16S_Prey
Sample-24-1,S37,Sample-24-1_S37_L001_R1_001.fastq,Sample-24-1_S37_L001_R2_001.fastq,N705,N506,E5,GYAATCACTTGTCTTTTAAATGAAGACC,GGATTGCGCTGTTATCCCTA,16S_Prey
Sample-25-1,S38,Sample-25-1_S38_L001_R1_001.fastq,Sample-25-1_S38_L001_R2_001.fastq,N705,N507,F5,GYAATCACTTGTCTTTTAAATGAAGACC,GGATTGCGCTGTTATCCCTA,16S_Prey
Sample-21-1,S39,Sample-21-1_S39_L001_R1_001.fastq,Sample-21-1_S39_L001_R2_001.fastq,N705,N508,G5,GYAATCACTTGTCTTTTAAATGAAGACC,GGATTGCGCTGTTATCCCTA,16S_Prey
Sample-28-1,S40,Sample-28-1_S40_L001_R1_001.fastq,Sample-28-1_S40_L001_R2_001.fastq,N705,N517,H5,GYAATCACTTGTCTTTTAAATGAAGACC,GGATTGCGCTGTTATCCCTA,16S_Prey
Sample-29-1,S41,Sample-29-1_S41_L001_R1_001.fastq,Sample-29-1_S41_L001_R2_001.fastq,N706,N502,A6,GYAATCACTTGTCTTTTAAATGAAGACC,GGATTGCGCTGTTATCCCTA,16S_Prey
Sample-30-1,S42,Sample-30-1_S42_L001_R1_001.fastq,Sample-30-1_S42_L001_R2_001.fastq,N706,N503,B6,GYAATCACTTGTCTTTTAAATGAAGACC,GGATTGCGCTGTTATCCCTA,16S_Prey
Sample-32-1,S43,Sample-32-1_S43_L001_R1_001.fastq,Sample-32-1_S43_L001_R2_001.fastq,N706,N504,C6,GYAATCACTTGTCTTTTAAATGAAGACC,GGATTGCGCTGTTATCCCTA,16S_Prey
Sample-34-1,S44,Sample-34-1_S44_L001_R1_001.fastq,Sample-34-1_S44_L001_R2_001.fastq,N706,N505,D6,GYAATCACTTGTCTTTTAAATGAAGACC,GGATTGCGCTGTTATCCCTA,16S_Prey
Positive-2,S45,Positive-2_S45_L001_R1_001.fastq,Positive-2_S45_L001_R2_001.fastq,N706,N506,E6,GYAATCACTTGTCTTTTAAATGAAGACC,GGATTGCGCTGTTATCCCTA,16S_Prey
Sample-1-2,S46,Sample-1-2_S46_L001_R1_001.fastq,Sample-1-2_S46_L001_R2_001.fastq,N706,N507,F6,GYAATCACTTGTCTTTTAAATGAAGACC,GGATTGCGCTGTTATCCCTA,16S_Prey
Sample-2-2,S47,Sample-2-2_S47_L001_R1_001.fastq,Sample-2-2_S47_L001_R2_001.fastq,N706,N508,G6,GYAATCACTTGTCTTTTAAATGAAGACC,GGATTGCGCTGTTATCCCTA,16S_Prey
Sample-3-2,S48,Sample-3-2_S48_L001_R1_001.fastq,Sample-3-2_S48_L001_R2_001.fastq,N706,N517,H6,GYAATCACTTGTCTTTTAAATGAAGACC,GGATTGCGCTGTTATCCCTA,16S_Prey
Sample-4-2,S49,Sample-4-2_S49_L001_R1_001.fastq,Sample-4-2_S49_L001_R2_001.fastq,N707,N502,A7,GYAATCACTTGTCTTTTAAATGAAGACC,GGATTGCGCTGTTATCCCTA,16S_Prey
Sample-5-2,S50,Sample-5-2_S50_L001_R1_001.fastq,Sample-5-2_S50_L001_R2_001.fastq,N707,N503,B7,GYAATCACTTGTCTTTTAAATGAAGACC,GGATTGCGCTGTTATCCCTA,16S_Prey
Sample-6-2,S51,Sample-6-2_S51_L001_R1_001.fastq,Sample-6-2_S51_L001_R2_001.fastq,N707,N504,C7,GYAATCACTTGTCTTTTAAATGAAGACC,GGATTGCGCTGTTATCCCTA,16S_Prey
Sample-7-2,S52,Sample-7-2_S52_L001_R1_001.fastq,Sample-7-2_S52_L001_R2_001.fastq,N707,N505,D7,GYAATCACTTGTCTTTTAAATGAAGACC,GGATTGCGCTGTTATCCCTA,16S_Prey
Sample-8-2,S53,Sample-8-2_S53_L001_R1_001.fastq,Sample-8-2_S53_L001_R2_001.fastq,N707,N506,E7,GYAATCACTTGTCTTTTAAATGAAGACC,GGATTGCGCTGTTATCCCTA,16S_Prey
Sample-9-2,S54,Sample-9-2_S54_L001_R1_001.fastq,Sample-9-2_S54_L001_R2_001.fastq,N707,N507,F7,GYAATCACTTGTCTTTTAAATGAAGACC,GGATTGCGCTGTTATCCCTA,16S_Prey
Sample-10-2,S55,Sample-10-2_S55_L001_R1_001.fastq,Sample-10-2_S55_L001_R2_001.fastq,N707,N508,G7,GYAATCACTTGTCTTTTAAATGAAGACC,GGATTGCGCTGTTATCCCTA,16S_Prey
Sample-11-2,S56,Sample-11-2_S56_L001_R1_001.fastq,Sample-11-2_S56_L001_R2_001.fastq,N707,N517,H7,GYAATCACTTGTCTTTTAAATGAAGACC,GGATTGCGCTGTTATCCCTA,16S_Prey
Sample-12-2,S57,Sample-12-2_S57_L001_R1_001.fastq,Sample-12-2_S57_L001_R2_001.fastq,N708,N502,A8,GYAATCACTTGTCTTTTAAATGAAGACC,GGATTGCGCTGTTATCCCTA,16S_Prey
Sample-13-2,S58,Sample-13-2_S58_L001_R1_001.fastq,Sample-13-2_S58_L001_R2_001.fastq,N708,N503,B8,GYAATCACTTGTCTTTTAAATGAAGACC,GGATTGCGCTGTTATCCCTA,16S_Prey
Sample-19-2,S59,Sample-19-2_S59_L001_R1_001.fastq,Sample-19-2_S59_L001_R2_001.fastq,N708,N504,C8,GYAATCACTTGTCTTTTAAATGAAGACC,GGATTGCGCTGTTATCCCTA,16S_Prey
Sample-48-2,S60,Sample-48-2_S60_L001_R1_001.fastq,Sample-48-2_S60_L001_R2_001.fastq,N708,N505,D8,GYAATCACTTGTCTTTTAAATGAAGACC,GGATTGCGCTGTTATCCCTA,16S_Prey
Sample-49-2,S61,Sample-49-2_S61_L001_R1_001.fastq,Sample-49-2_S61_L001_R2_001.fastq,N708,N506,E8,GYAATCACTTGTCTTTTAAATGAAGACC,GGATTGCGCTGTTATCCCTA,16S_Prey
Sample-20-2,S62,Sample-20-2_S62_L001_R1_001.fastq,Sample-20-2_S62_L001_R2_001.fastq,N708,N507,F8,GYAATCACTTGTCTTTTAAATGAAGACC,GGATTGCGCTGTTATCCCTA,16S_Prey
Sample-24-2,S63,Sample-24-2_S63_L001_R1_001.fastq,Sample-24-2_S63_L001_R2_001.fastq,N708,N508,G8,GYAATCACTTGTCTTTTAAATGAAGACC,GGATTGCGCTGTTATCCCTA,16S_Prey
Sample-25-2,S64,Sample-25-2_S64_L001_R1_001.fastq,Sample-25-2_S64_L001_R2_001.fastq,N708,N517,H8,GYAATCACTTGTCTTTTAAATGAAGACC,GGATTGCGCTGTTATCCCTA,16S_Prey
Sample-21-2,S65,Sample-21-2_S65_L001_R1_001.fastq,Sample-21-2_S65_L001_R2_001.fastq,N709,N502,A9,GYAATCACTTGTCTTTTAAATGAAGACC,GGATTGCGCTGTTATCCCTA,16S_Prey
Sample-28-2,S66,Sample-28-2_S66_L001_R1_001.fastq,Sample-28-2_S66_L001_R2_001.fastq,N709,N503,B9,GYAATCACTTGTCTTTTAAATGAAGACC,GGATTGCGCTGTTATCCCTA,16S_Prey
Sample-29-2,S67,Sample-29-2_S67_L001_R1_001.fastq,Sample-29-2_S67_L001_R2_001.fastq,N709,N504,C9,GYAATCACTTGTCTTTTAAATGAAGACC,GGATTGCGCTGTTATCCCTA,16S_Prey
Sample-30-2,S68,Sample-30-2_S68_L001_R1_001.fastq,Sample-30-2_S68_L001_R2_001.fastq,N709,N505,D9,GYAATCACTTGTCTTTTAAATGAAGACC,GGATTGCGCTGTTATCCCTA,16S_Prey
Sample-32-2,S69,Sample-32-2_S69_L001_R1_001.fastq,Sample-32-2_S69_L001_R2_001.fastq,N709,N506,E9,GYAATCACTTGTCTTTTAAATGAAGACC,GGATTGCGCTGTTATCCCTA,16S_Prey
Sample-34-2,S70,Sample-34-2_S70_L001_R1_001.fastq,Sample-34-2_S70_L001_R2_001.fastq,N709,N507,F9,GYAATCACTTGTCTTTTAAATGAAGACC,GGATTGCGCTGTTATCCCTA,16S_Prey
Positive-3,S71,Positive-3_S71_L001_R1_001.fastq,Positive-3_S71_L001_R2_001.fastq,N709,N508,G9,GYAATCACTTGTCTTTTAAATGAAGACC,GGATTGCGCTGTTATCCCTA,16S_Prey
Sample-1-3,S72,Sample-1-3_S72_L001_R1_001.fastq,Sample-1-3_S72_L001_R2_001.fastq,N709,N517,H9,GYAATCACTTGTCTTTTAAATGAAGACC,GGATTGCGCTGTTATCCCTA,16S_Prey
Sample-2-3,S73,Sample-2-3_S73_L001_R1_001.fastq,Sample-2-3_S73_L001_R2_001.fastq,N710,N502,A10,GYAATCACTTGTCTTTTAAATGAAGACC,GGATTGCGCTGTTATCCCTA,16S_Prey
Sample-3-3,S74,Sample-3-3_S74_L001_R1_001.fastq,Sample-3-3_S74_L001_R2_001.fastq,N710,N503,B10,GYAATCACTTGTCTTTTAAATGAAGACC,GGATTGCGCTGTTATCCCTA,16S_Prey
Sample-4-3,S75,Sample-4-3_S75_L001_R1_001.fastq,Sample-4-3_S75_L001_R2_001.fastq,N710,N504,C10,GYAATCACTTGTCTTTTAAATGAAGACC,GGATTGCGCTGTTATCCCTA,16S_Prey
Sample-5-3,S76,Sample-5-3_S76_L001_R1_001.fastq,Sample-5-3_S76_L001_R2_001.fastq,N710,N505,D10,GYAATCACTTGTCTTTTAAATGAAGACC,GGATTGCGCTGTTATCCCTA,16S_Prey
Sample-6-3,S77,Sample-6-3_S77_L001_R1_001.fastq,Sample-6-3_S77_L001_R2_001.fastq,N710,N506,E10,GYAATCACTTGTCTTTTAAATGAAGACC,GGATTGCGCTGTTATCCCTA,16S_Prey
Sample-7-3,S78,Sample-7-3_S78_L001_R1_001.fastq,Sample-7-3_S78_L001_R2_001.fastq,N710,N507,F10,GYAATCACTTGTCTTTTAAATGAAGACC,GGATTGCGCTGTTATCCCTA,16S_Prey
Sample-8-3,S79,Sample-8-3_S79_L001_R1_001.fastq,Sample-8-3_S79_L001_R2_001.fastq,N710,N508,G10,GYAATCACTTGTCTTTTAAATGAAGACC,GGATTGCGCTGTTATCCCTA,16S_Prey
Sample-9-3,S80,Sample-9-3_S80_L001_R1_001.fastq,Sample-9-3_S80_L001_R2_001.fastq,N710,N517,H10,GYAATCACTTGTCTTTTAAATGAAGACC,GGATTGCGCTGTTATCCCTA,16S_Prey
Sample-10-3,S81,Sample-10-3_S81_L001_R1_001.fastq,Sample-10-3_S81_L001_R2_001.fastq,N711,N502,A11,GYAATCACTTGTCTTTTAAATGAAGACC,GGATTGCGCTGTTATCCCTA,16S_Prey
Sample-11-3,S82,Sample-11-3_S82_L001_R1_001.fastq,Sample-11-3_S82_L001_R2_001.fastq,N711,N503,B11,GYAATCACTTGTCTTTTAAATGAAGACC,GGATTGCGCTGTTATCCCTA,16S_Prey
Sample-12-3,S83,Sample-12-3_S83_L001_R1_001.fastq,Sample-12-3_S83_L001_R2_001.fastq,N711,N504,C11,GYAATCACTTGTCTTTTAAATGAAGACC,GGATTGCGCTGTTATCCCTA,16S_Prey
Sample-13-3,S84,Sample-13-3_S84_L001_R1_001.fastq,Sample-13-3_S84_L001_R2_001.fastq,N711,N505,D11,GYAATCACTTGTCTTTTAAATGAAGACC,GGATTGCGCTGTTATCCCTA,16S_Prey
Sample-19-3,S85,Sample-19-3_S85_L001_R1_001.fastq,Sample-19-3_S85_L001_R2_001.fastq,N711,N506,E11,GYAATCACTTGTCTTTTAAATGAAGACC,GGATTGCGCTGTTATCCCTA,16S_Prey
Sample-48-3,S86,Sample-48-3_S86_L001_R1_001.fastq,Sample-48-3_S86_L001_R2_001.fastq,N711,N507,F11,GYAATCACTTGTCTTTTAAATGAAGACC,GGATTGCGCTGTTATCCCTA,16S_Prey
Sample-49-3,S87,Sample-49-3_S87_L001_R1_001.fastq,Sample-49-3_S87_L001_R2_001.fastq,N711,N508,G11,GYAATCACTTGTCTTTTAAATGAAGACC,GGATTGCGCTGTTATCCCTA,16S_Prey
Sample-20-3,S88,Sample-20-3_S88_L001_R1_001.fastq,Sample-20-3_S88_L001_R2_001.fastq,N711,N517,H11,GYAATCACTTGTCTTTTAAATGAAGACC,GGATTGCGCTGTTATCCCTA,16S_Prey
Sample-24-3,S89,Sample-24-3_S89_L001_R1_001.fastq,Sample-24-3_S89_L001_R2_001.fastq,N712,N502,A12,GYAATCACTTGTCTTTTAAATGAAGACC,GGATTGCGCTGTTATCCCTA,16S_Prey
Sample-25-3,S90,Sample-25-3_S90_L001_R1_001.fastq,Sample-25-3_S90_L001_R2_001.fastq,N712,N503,B12,GYAATCACTTGTCTTTTAAATGAAGACC,GGATTGCGCTGTTATCCCTA,16S_Prey
Sample-21-3,S91,Sample-21-3_S91_L001_R1_001.fastq,Sample-21-3_S91_L001_R2_001.fastq,N712,N504,C12,GYAATCACTTGTCTTTTAAATGAAGACC,GGATTGCGCTGTTATCCCTA,16S_Prey
Sample-28-3,S92,Sample-28-3_S92_L001_R1_001.fastq,Sample-28-3_S92_L001_R2_001.fastq,N712,N505,D12,GYAATCACTTGTCTTTTAAATGAAGACC,GGATTGCGCTGTTATCCCTA,16S_Prey
Sample-29-3,S93,Sample-29-3_S93_L001_R1_001.fastq,Sample-29-3_S93_L001_R2_001.fastq,N712,N506,E12,GYAATCACTTGTCTTTTAAATGAAGACC,GGATTGCGCTGTTATCCCTA,16S_Prey
Sample-30-3,S94,Sample-30-3_S94_L001_R1_001.fastq,Sample-30-3_S94_L001_R2_001.fastq,N712,N507,F12,GYAATCACTTGTCTTTTAAATGAAGACC,GGATTGCGCTGTTATCCCTA,16S_Prey
Sample-32-3,S95,Sample-32-3_S95_L001_R1_001.fastq,Sample-32-3_S95_L001_R2_001.fastq,N712,N508,G12,GYAATCACTTGTCTTTTAAATGAAGACC,GGATTGCGCTGTTATCCCTA,16S_Prey
Sample-34-3,S96,Sample-34-3_S96_L001_R1_001.fastq,Sample-34-3_S96_L001_R2_001.fastq,N712,N517,H12,GYAATCACTTGTCTTTTAAATGAAGACC,GGATTGCGCTGTTATCCCTA,16S_Prey
Unassigned,S0,Unassigned_S0_L001_R1_001.fastq,Unassigned_S0_L001_R2_001.fastq,N7xx,N5xx,A13,GYAATCACTTGTCTTTTAAATGAAGACC,GGATTGCGCTGTTATCCCTA,16S_Prey