[Header],,,,,,,
,,,,,,,
IEMFileVersion,5,,,,,,
,,,,,,,
Date,2/1/19,,,,,,
,,,,,,,
Workflow,GenerateFASTQ,,,,,,
,,,,,,,
Application,FASTQ Only,,,,,,
,,,,,,,
Instrument Type,MiSeq,,,,,,
,,,,,,,
Assay,Nextera XT,,,,,,
,,,,,,,
Index Adapters,Nextera XT Index Kit (96 Indexes 384 Samples),,,,,,
,,,,,,,
Description,,,,,,,
,,,,,,,
Chemistry,Default,,,,,,
,,,,,,,
,,,,,,,
,,,,,,,
[Reads],,,,,,,
,,,,,,,
251,,,,,,,
,,,,,,,
251,,,,,,,
,,,,,,,
,,,,,,,
,,,,,,,
[Settings],,,,,,,
,,,,,,,
ReverseComplement,0,,,,,,
,,,,,,,
Adapter,CTGTCTCTTATACACATCT,,,,,,
,,,,,,,
,,,,,,,
,,,,,,,
,,,,,,,
,,,,,,,
[Data],,,,,,,
,,,,,,,
Sample_ID,Sample_Name,Sample_Plate,Sample_Well,I7_Index_ID,index,Sample_Project,Description
,,,,,,,
1,KJC_WOAC_A,,,idt2,CGATGT,,
,,,,,,,
2,KJC_WOAC_B,,,idt4,TGACCA,,
,,,,,,,
3,KJC_WOAC_C,,,idt5,ACAGTG,,
,,,,,,,
4,KJC_WOAC_D,,,idt6,GCCAAT,,
,,,,,,,
5,KJC_WOAC_E,,,idt7,CAGATC,,
,,,,,,,
6,KJC_WOAC_F,,,idt12,CTTGTA,,
,,,,,,,
7,KJC_WOAC_G,,,idt13,AGTCAA,,
,,,,,,,
8,KJC_WOAC_H,,,idt14,AGTTCC,,
,,,,,,,
9,KJC_WOAC_I,,,idt15,ATGTCA,,
,,,,,,,
10,KJC_WOAC_J,,,idt16,CCGTCC,,
,,,,,,,
11,KJC_WOAC_K,,,idt18,GTCCGC,,