[Header],,,,,,,

IEMFileVersion,5,,,,,,

Date,2019-11-08

Workflow,GenerateFASTQ,,,,,,

Application,FASTQ Only,,,,,,

Instrument Type,MiSeq,,,,,,

Assay,Nextera XT

Index Adapters,Nextera XT Index Kit (96 Indexes 384 Samples)

Description,,,,,,,

Chemistry,Default,,,,,,

,,,,,,,

[Reads],,,,,,,

301

301

,,,,,,,

[Settings],,,,,,,

ReverseComplement,0,,,,,,

Adapter,AGATCGGAAGAGCACACGTCTGAACTCCAGTCA,,,,,,

AdapterRead2,AGATCGGAAGAGCGTCGTGTAGGGAAAGAGTGT,,,,,,

,,,,,,,

[Data],,,,,,,

Sample_ID,Sample_Name,Sample_Plate,Sample_Well,I7_Index_ID,index,Sample_Project,Description

1,51530-026_S79,,A1,N701,TAAGGCGA,S501,TAGATCGC,,
2,51530-027_S4,,B1,N701,TAAGGCGA,S502,CTCTCTAT,,
3,51530-029_S14,,C1,N701,TAAGGCGA,S503,TATCCTCT,,
4,51530-031_S26,,D1,N701,TAAGGCGA,S504,AGAGTAGA,,
5,51530-032_S37,,E1,N701,TAAGGCGA,S505,GTAAGGAG,,
6,51530-033_S48,,F1,N701,TAAGGCGA,S506,ACTGCATA,,
7,51530-034_S59,,G1,N701,TAAGGCGA,S507,AAGGAGTA,,
8,51530-035_S69,,H1,N701,TAAGGCGA,S508,CTAAGCCT,,
9,51530-036_S80,,A2,N702,CGTACTAG,S501,TAGATCGC,,
10,51530-037_S5,,B2,N702,CGTACTAG,S502,CTCTCTAT,,
11,51530-038_S15,,C2,N702,CGTACTAG,S503,TATCCTCT,,
12,51530-039_S27,,D2,N702,CGTACTAG,S504,AGAGTAGA,,
13,51530-040_S38,,E2,N702,CGTACTAG,S505,GTAAGGAG,,
14,51530-041_S49,,F2,N702,CGTACTAG,S506,ACTGCATA,,
15,51530-042_S60,,G2,N702,CGTACTAG,S507,AAGGAGTA,,

9,KJC_WOAC_I,,,idt15,ATGTCA,,

10,KJC_WOAC_J,,,idt16,CCGTCC,,

11,KJC_WOAC_K,,,idt18,GTCCGC,,
